,,JOI非公式難易度表 Ver.1,,,
,,第6回以降のJOI予選・本選・合宿で出題された問題に☆1〜12の難易度をつける,,,暇な人はリンクを貼ってくれると嬉しいです
,,予選の問題は実際の予選と同じ状況(秒単位の時間制限はない)で解く場合の難易度による,,,
,,"
",,,
,,,,,
,,,,,
,,,,,
,,,,,
,,,,,
,1,得点,07予選1,http://judge.u-aizu.ac.jp/onlinejudge/description.jsp?id=0510,
,1,おつり,08予選1,http://judge.u-aizu.ac.jp/onlinejudge/description.jsp?id=0521,
,1,タイムカード,09予選1,http://judge.u-aizu.ac.jp/onlinejudge/description.jsp?id=0532,
,1,レシート,10予選1,http://judge.u-aizu.ac.jp/onlinejudge/description.jsp?id=0543,ooii
,1,合計時間,11予選1,http://judge.u-aizu.ac.jp/onlinejudge/description.jsp?id=0554,時刻
,1,ランチ,12予選1,http://judge.u-aizu.ac.jp/onlinejudge/description.jsp?id=0565,
,1,宿題,13予選1,http://judge.u-aizu.ac.jp/onlinejudge/description.jsp?id=0576,足し算・大小比較こ
,2,未提出者は誰だ,07予選2,http://judge.u-aizu.ac.jp/onlinejudge/description.jsp?id=0511,繰り返し・配列
,2,シーザー暗号,07予選3,http://judge.u-aizu.ac.jp/onlinejudge/description.jsp?id=0512,文字列
,2,JOIとIOI,08予選2,http://judge.u-aizu.ac.jp/onlinejudge/description.jsp?id=0522,
,2,コンテスト,09予選2,http://judge.u-aizu.ac.jp/onlinejudge/description.jsp?id=0533,文字列
,2,数当てゲーム,13予選2,http://judge.u-aizu.ac.jp/onlinejudge/description.jsp?id=0577,配列・比較
,3,Score,07合宿1-1,http://www.ioi-jp.org/camp/2007/2007-sp-tasks/2007-sp-day1_20.pdf,ソート
,3,カードの並び替え,07予選4,http://judge.u-aizu.ac.jp/onlinejudge/description.jsp?id=0513,リフルシャッフル・カットのシミュレーション
,3,カードゲーム,08予選3,http://judge.u-aizu.ac.jp/onlinejudge/description.jsp?id=0523,シミュレーション
,3,すごろく,10予選2,http://judge.u-aizu.ac.jp/onlinejudge/description.jsp?id=0544,シミュレーション
,3,指輪,11予選2,http://judge.u-aizu.ac.jp/onlinejudge/description.jsp?id=0555,文字列
,3,サッカー,12予選2,http://judge.u-aizu.ac.jp/onlinejudge/description.jsp?id=0566,ソート(比較関数実装)
,4,最大の和,07本選1,http://judge.u-aizu.ac.jp/onlinejudge/description.jsp?id=0516,スライド和
,4,パーティ,10予選3,http://judge.u-aizu.ac.jp/onlinejudge/description.jsp?id=0545,グラフ・精神攻撃
,4,タイル,11予選3,http://judge.u-aizu.ac.jp/onlinejudge/description.jsp?id=0556,算数
,4,看板,13予選3,http://judge.u-aizu.ac.jp/onlinejudge/description.jsp?id=0578,文字列
,5,Factorial,07合宿1-2,http://www.ioi-jp.org/camp/2007/2007-sp-tasks/2007-sp-day1_20.pdf,素因数分解
,5,Mall,07合宿1-3,http://www.ioi-jp.org/camp/2007/2007-sp-tasks/2007-sp-day1_20.pdf,二次元累積和
,5,Building,07合宿2-1,http://www.ioi-jp.org/camp/2007/2007-sp-tasks/2007-sp-day2_21.pdf,最長増加部分列
,5,最長の階段,07本選2,http://judge.u-aizu.ac.jp/onlinejudge/description.jsp?id=0517,DP
,5,通学経路,07予選6,http://judge.u-aizu.ac.jp/onlinejudge/description.jsp?id=0515,
,5,Origami,08合宿3-1,http://www.ioi-jp.org/camp/2008/2008-sp-tasks/2008-sp_tr-day3_22.pdf,典型DP・全探索も間に合う
,5,共通部分文字列,08本選2,http://judge.u-aizu.ac.jp/onlinejudge/description.jsp?id=0528,文字列
,5,星座探し,08予選4,http://judge.u-aizu.ac.jp/onlinejudge/description.jsp?id=0524,点の平行移動
,5,船旅,08予選6,http://judge.u-aizu.ac.jp/onlinejudge/description.jsp?id=0526,最短経路・典型
,5,IOIOI,09本選1,http://judge.u-aizu.ac.jp/onlinejudge/description.jsp?id=0538,文字列
,5,連鎖,09予選3,http://judge.u-aizu.ac.jp/onlinejudge/description.jsp?id=0534,シミュレーション
,5,薄氷渡り,09予選4,http://judge.u-aizu.ac.jp/onlinejudge/description.jsp?id=0535,全探索・再帰
,5,JOI poster,10合宿1-1,http://www.ioi-jp.org/camp/2010/2010-sp-tasks/2010-sp-day1_20.pdf,再帰
,5,旅人,10本選1,http://judge.u-aizu.ac.jp/onlinejudge/description.jsp?id=0549,
,5,カード並べ,10予選4,http://judge.u-aizu.ac.jp/onlinejudge/description.jsp?id=0546,累積和
,5,1年生,11予選4,http://judge.u-aizu.ac.jp/onlinejudge/description.jsp?id=0557,DP
,5,チーズ　,11予選5,http://judge.u-aizu.ac.jp/onlinejudge/description.jsp?id=0558,
,5,JJOOII ,12本選1,http://judge.u-aizu.ac.jp/onlinejudge/description.jsp?id=0571,幅優先探索
,5,最高のピザ,12予選3,http://judge.u-aizu.ac.jp/onlinejudge/description.jsp?id=0567,文字列
,5,パスタ,12予選4,http://judge.u-aizu.ac.jp/onlinejudge/description.jsp?id=0568,DP
,5,暑い日々,13予選4,http://judge.u-aizu.ac.jp/onlinejudge/description.jsp?id=0579,DP
,5,JOI Poster,13合宿1-4,http://www.ioi-jp.org/camp/2013/2013-sp-tasks/2013-sp-day1.pdf,幾何
,6,Anagram,07合宿3-1,http://www.ioi-jp.org/camp/2007/2007-sp-tasks/2007-sp-day3_23.pdf,組み合わせ
,6,Fiber,07合宿4-1,http://www.ioi-jp.org/camp/2007/2007-sp-tasks/2007-sp-day4_24.pdf,連結成分
,6,最古の遺跡,07本選3,http://judge.u-aizu.ac.jp/onlinejudge/description.jsp?id=0518,座標平面・計算
,6,品質検査,07予選5,http://judge.u-aizu.ac.jp/onlinejudge/description.jsp?id=0514,論理
,6,Nile.Com,08合宿2-1,http://www.ioi-jp.org/camp/2008/2008-sp-tasks/2008-sp_tr-day2_21.pdf,DP
,6,碁石ならべ,08本選1,http://judge.u-aizu.ac.jp/onlinejudge/description.jsp?id=0527,シミュレーション(計算量に要工夫)
,6,ダーツ,08本選3,http://judge.u-aizu.ac.jp/onlinejudge/description.jsp?id=0529,半分全列挙
,6,おせんべい,08予選5,http://judge.u-aizu.ac.jp/onlinejudge/description.jsp?id=0525,全探索・指数
,6,ピザ,09本選2,http://judge.u-aizu.ac.jp/onlinejudge/description.jsp?id=0539,二分探索
,6,Stairs,10合宿1-3,http://www.ioi-jp.org/camp/2010/2010-sp-tasks/2010-sp-day1_20.pdf,階段・尺取
,6,Contest,10合宿4-1,http://www.ioi-jp.org/camp/2010/2010-sp-tasks/2010-sp-day4_23.pdf,実装
,6,つらら,10本選3,http://judge.u-aizu.ac.jp/onlinejudge/description.jsp?id=0551,再帰・DP
,6,通勤経路,10予選5,http://judge.u-aizu.ac.jp/onlinejudge/description.jsp?id=0547,典型DP拡張
,6,IOI,11合宿4-3,http://www.ioi-jp.org/camp/2011/2011-sp-tasks/2011-sp-day4.pdf,実装
,6,惑星探査,11本選1,http://judge.u-aizu.ac.jp/onlinejudge/description.jsp?id=0560,二次元累積和
,6,古本屋,11本選2,http://judge.u-aizu.ac.jp/onlinejudge/description.jsp?id=0561,DP
,6,たのしいカードゲーム,12本選2,http://judge.u-aizu.ac.jp/onlinejudge/description.jsp?id=0572,部分列
,6,夜店,12本選3,http://judge.u-aizu.ac.jp/onlinejudge/description.jsp?id=0573,DP
,6,イルミネーション,12予選5,http://judge.u-aizu.ac.jp/onlinejudge/description.jsp?id=0569,六角座標・実装
,6,電飾,13本選1,http://joi2013ho.contest.atcoder.jp/tasks/joi2013ho1,圧縮・実装
,6,JOIOJI,14合宿3-1,http://www.ioi-jp.org/camp/2014/2014-sp-tasks/2014-sp-day3-pr.pdf,トポロジカルソート
,7,最悪の記者,07本選4,http://judge.u-aizu.ac.jp/onlinejudge/description.jsp?id=0519,木・再帰
,7,Committee,08合宿1-1,http://www.ioi-jp.org/camp/2008/2008-sp-tasks/2008-sp_tr-day1_20.pdf,トポロジカルソート
,7,Sheet,08合宿1-2,http://www.ioi-jp.org/camp/2008/2008-sp-tasks/2008-sp_tr-day1_20.pdf,二分探索
,7,Cheating,08合宿2-2,http://www.ioi-jp.org/camp/2008/2008-sp-tasks/2008-sp_tr-day2_21.pdf,DP・ダイクストラ
,7,ぴょんぴょん川渡り,08本選4,http://judge.u-aizu.ac.jp/onlinejudge/description.jsp?id=0530,DP
,7,ビンゴ,09予選6,http://judge.u-aizu.ac.jp/onlinejudge/description.jsp?id=0537,実装(工夫が必要)
,7,Finals,10合宿3-1 ,http://www.ioi-jp.org/camp/2010/2010-sp-tasks/2010-sp-day3_22.pdf,グリッド
,7,Banner,11合宿1-1,http://www.ioi-jp.org/camp/2011/2011-sp-tasks/2011-sp-day1.pdf,ダイクストラ
,7,JOI国の買い物事情,11本選3,http://judge.u-aizu.ac.jp/onlinejudge/description.jsp?id=0562,DP
 ,7,IOI列車で行こう,13本選2,http://joi2013ho.contest.atcoder.jp/tasks/joi2013ho2,座標圧縮
,7,Fish,13予選5,http://judge.u-aizu.ac.jp/onlinejudge/description.jsp?id=0580,数学
,7,Ramen,14合宿1-4,http://www.ioi-jp.org/camp/2014/2014-sp-tasks/2014-sp-day1-pr.pdf,幾何・ダイクストラ
,7,Straps,14合宿4-3,http://www.ioi-jp.org/camp/2014/2014-sp-tasks/2014-sp-day4-pr.pdf,再帰
,8,Fermat,07合宿2-2,http://www.ioi-jp.org/camp/2007/2007-sp-tasks/2007-sp-day2_21.pdf,バケット法
,8,Route,07合宿3-2,http://www.ioi-jp.org/camp/2007/2007-sp-tasks/2007-sp-day3_23.pdf,ファレイ数列
,8,最軽量のモビール,07本選5,http://judge.u-aizu.ac.jp/onlinejudge/description.jsp?id=0520,座標圧縮・BFS・いもす法
,8,Flu,08合宿1-3,http://www.ioi-jp.org/camp/2008/2008-sp-tasks/2008-sp_tr-day1_20.pdf,周期
,8,Fraction,08合宿3-2,http://www.ioi-jp.org/camp/2008/2008-sp-tasks/2008-sp_tr-day3_22.pdf,和
,8,ペンキの色,08本選5,http://judge.u-aizu.ac.jp/onlinejudge/description.jsp?id=0531,強連結成分分解・知識
,8,Sequence,09合宿1-1,http://www.ioi-jp.org/camp/2009/2009-sp-tasks/2009-sp_tr-day1_20.pdf,木・貪欲
,8,Pyramid,09合宿1-3,http://www.ioi-jp.org/camp/2009/2009-sp-tasks/2009-sp_tr-day1_20.pdf,あみだくじ
,8,Advertisement,09合宿2-2,http://www.ioi-jp.org/camp/2009/2009-sp-tasks/2009-sp_tr-day2_21.pdf,DP
,8,Distribution,09合宿4-1,http://www.ioi-jp.org/camp/2009/2009-sp-tasks/2009-sp_tr-day4_23.pdf,ダイクストラ・二分探索・union-find
,8,あみだくじ,09本選3,http://judge.u-aizu.ac.jp/onlinejudge/description.jsp?id=0540,実装
,8,散歩,09本選4,http://judge.u-aizu.ac.jp/onlinejudge/description.jsp?id=0541,
,8,認証レベル,09本選5,http://judge.u-aizu.ac.jp/onlinejudge/description.jsp?id=0542,文字列・trie・DP
,8,シャッフル,09予選5,http://judge.u-aizu.ac.jp/onlinejudge/description.jsp?id=0536,DP
,8,a+b problem,10合宿2-1,http://www.ioi-jp.org/camp/2010/2010-sp-tasks/2010-sp-day2_21.pdf,全探索(ある程度速くするには工夫が必要)
,8,DNA synthesizer,10合宿2-2,http://www.ioi-jp.org/camp/2010/2010-sp-tasks/2010-sp-day2_21.pdf,マンハッタン距離
,8,お菓子の分割,10本選2,http://judge.u-aizu.ac.jp/onlinejudge/description.jsp?id=0550,再帰
,8,方向音痴のトナカイ,10予選6,http://judge.u-aizu.ac.jp/onlinejudge/description.jsp?id=0548,いもす法
,8,歩くサンタクロース,11本選4,http://judge.u-aizu.ac.jp/onlinejudge/description.jsp?id=0563,桁DP
,8,JOI Flag,12合宿1-3,http://www.ioi-jp.org/camp/2012/2012-sp-tasks/2012-sp-day1.pdf,グリッドグラフ・最短経路
,8,釘,12本選4,http://judge.u-aizu.ac.jp/onlinejudge/description.jsp?id=0574,DP・数学
,8,ジグザグ数,12予選6,http://judge.u-aizu.ac.jp/onlinejudge/description.jsp?id=0570,グラフ・DP・いもす法
,8,現代的な屋敷,13本選3,http://joi2013ho.contest.atcoder.jp/tasks/joi2013ho3,尺取り法・応答型
,8,Mascots,13合宿2-2,http://www.ioi-jp.org/camp/2013/2013-sp-tasks/2013-sp-day2.pdf,貪欲法・グラフ
,8,Spy,13合宿2-3,http://www.ioi-jp.org/camp/2013/2013-sp-tasks/2013-sp-day2.pdf,データ構造・イベント
,8,Mountain Rescue Team,13合宿3-3,http://www.ioi-jp.org/camp/2013/2013-sp-tasks/2013-sp-day3.pdf,DP・ad-hoc
,8,Presents,13合宿4-2,http://www.ioi-jp.org/camp/2013/2013-sp-tasks/2013-sp-day4.pdf,グリッド上経路
,9,Typhoon,08合宿4-2,http://www.ioi-jp.org/camp/2008/2008-sp-tasks/2008-sp_tr-day4_24.pdf,平均
,9,Stamps,09合宿1-2 ,http://www.ioi-jp.org/camp/2009/2009-sp-tasks/2009-sp_tr-day1_20.pdf,区間DP
,9,Abduction,09合宿2-1,http://www.ioi-jp.org/camp/2009/2009-sp-tasks/2009-sp_tr-day2_21.pdf,二分探索
,9,Ski,09合宿3-2,http://www.ioi-jp.org/camp/2009/2009-sp-tasks/2009-sp_tr-day3_22.pdf,木
,9,Chopsticks,09合宿4-2,http://www.ioi-jp.org/camp/2009/2009-sp-tasks/2009-sp_tr-day4_23.pdf,データ構造
,9,Sengoku,10合宿1-2,http://www.ioi-jp.org/camp/2010/2010-sp-tasks/2010-sp-day1_20.pdf,区間DP・円形
,9,Regions,10合宿2-3,http://www.ioi-jp.org/camp/2010/2010-sp-tasks/2010-sp-day2_21.pdf,いもす法
,9,Hide-and-seek,10合宿3-2,http://www.ioi-jp.org/camp/2010/2010-sp-tasks/2010-sp-day3_22.pdf,グラフ
,9,Lake,10合宿4-3,http://www.ioi-jp.org/camp/2010/2010-sp-tasks/2010-sp-day4_23.pdf,応答型
,9,Plugs,10合宿4-4,http://www.ioi-jp.org/camp/2010/2010-sp-tasks/2010-sp-day4_23.pdf,数学
,9,Joitter,11合宿1-3,http://www.ioi-jp.org/camp/2011/2011-sp-tasks/2011-sp-day1.pdf,DP
,9,Guess Them All,11合宿2-1,http://www.ioi-jp.org/camp/2011/2011-sp-tasks/2011-sp-day2.pdf,データ構造・DP
,9,Keycards,11合宿2-2,http://www.ioi-jp.org/camp/2011/2011-sp-tasks/2011-sp-day2.pdf,グラフ・トポロジカルソート・DP
,9,Deciphering,11合宿3-1,http://www.ioi-jp.org/camp/2011/2011-sp-tasks/2011-sp-day3.pdf,データ構造
,9,Bookshelf,11合宿4-2,http://www.ioi-jp.org/camp/2011/2011-sp-tasks/2011-sp-day4.pdf,bitDP
,9,Orienteering,11合宿4-4,http://www.ioi-jp.org/camp/2011/2011-sp-tasks/2011-sp-day4.pdf,データ構造・開区間
,9,微生物実験,11本選5,http://judge.u-aizu.ac.jp/onlinejudge/description.jsp?id=0564,bitDP・mapDP
,9,JOI旗,11予選6,http://judge.u-aizu.ac.jp/onlinejudge/description.jsp?id=0559,最短経路・グリッド・実装
,9,Fortune Telling,12合宿3-1,http://www.ioi-jp.org/camp/2012/2012-sp-tasks/2012-sp-day3.pdf,データ構造・観察
,9,お土産購入計画,13予選6,http://judge.u-aizu.ac.jp/onlinejudge/description.jsp?id=0581,木・ゲーム
,9,Bus Tour,13合宿1-1,http://www.ioi-jp.org/camp/2013/2013-sp-tasks/2013-sp-day1.pdf,置換
,9,Collecting Images is Fun,13合宿1-2,http://www.ioi-jp.org/camp/2013/2013-sp-tasks/2013-sp-day1.pdf,幾何・誤差・実装
,9,Bus,14合宿1-1,http://www.ioi-jp.org/camp/2014/2014-sp-tasks/2014-sp-day1-pr.pdf,幾何・実装
,9,Growing Vegetables is Fun,14合宿1-2,http://www.ioi-jp.org/camp/2014/2014-sp-tasks/2014-sp-day1-pr.pdf,幾何・境界・最短経路
,9,Making Friends is Fun,14合宿2-2,http://www.ioi-jp.org/camp/2014/2014-sp-tasks/2014-sp-day2-pr.pdf,幾何・DP
,10,SALT TREE XV,07合宿2-3,http://www.ioi-jp.org/camp/2007/2007-sp-tasks/2007-sp-day2_21.pdf,ad-hoc
,10,Circuit,07合宿3-3,http://www.ioi-jp.org/camp/2007/2007-sp-tasks/2007-sp-day3_23.pdf,グリッド上経路・実装
,10,Lines,07合宿4-2,http://www.ioi-jp.org/camp/2007/2007-sp-tasks/2007-sp-day4_24.pdf,木・クエリ・データ構造
,10,Belt,08合宿2-3,http://www.ioi-jp.org/camp/2008/2008-sp-tasks/2008-sp_tr-day2_21.pdf,マンハッタン距離・二分探索
,10,Nightman,08合宿3-3,http://www.ioi-jp.org/camp/2008/2008-sp-tasks/2008-sp_tr-day3_22.pdf,データ構造・実装
,10,Ruins2,08合宿4-1,http://www.ioi-jp.org/camp/2008/2008-sp-tasks/2008-sp_tr-day4_24.pdf,グラフ・データ構造
,10,Contest,09合宿2-3,http://www.ioi-jp.org/camp/2009/2009-sp-tasks/2009-sp_tr-day2_21.pdf,データ構造
,10,Territory,09合宿3-1,http://www.ioi-jp.org/camp/2009/2009-sp-tasks/2009-sp_tr-day3_22.pdf,ad-hoc
,10,Highway,10合宿4-2,http://www.ioi-jp.org/camp/2010/2010-sp-tasks/2010-sp-day4_23.pdf,グラフ・クエリ処理
,10,博覧会,10本選4,http://judge.u-aizu.ac.jp/onlinejudge/description.jsp?id=0552,貪欲法・二分探索
,10,Dragon,11合宿1-2,http://www.ioi-jp.org/camp/2011/2011-sp-tasks/2011-sp-day1.pdf,データ構造・グラフ
,10,Report,11合宿3-2,http://www.ioi-jp.org/camp/2011/2011-sp-tasks/2011-sp-day3.pdf,通信型・ad-hoc
,10,Fish,12合宿1-2,http://www.ioi-jp.org/camp/2012/2012-sp-tasks/2012-sp-day1.pdf,データ構造・枝刈り
,10,Chinese,12合宿4-1,http://www.ioi-jp.org/camp/2012/2012-sp-tasks/2012-sp-day4.pdf,ad-hoc・データ構造
,10,JOI国のお祭り事情,12本選5,http://judge.u-aizu.ac.jp/onlinejudge/description.jsp?id=0575,グラフ
,10,JOIOIの塔,13本選4,http://joi2013ho.contest.atcoder.jp/tasks/joi2013ho4,データ構造・応答型
,10,Construction Project,13合宿2-1,http://www.ioi-jp.org/camp/2013/2013-sp-tasks/2013-sp-day2.pdf,DP
,10,Messenger,13合宿4-1,http://www.ioi-jp.org/camp/2013/2013-sp-tasks/2013-sp-day4.pdf,グラフ(またはシミュレーション・データ構造)
,10,Historical Research,14合宿1-3,http://www.ioi-jp.org/camp/2014/2014-sp-tasks/2014-sp-day1-pr.pdf,データ構造・平面
,10,Water Bottle,14合宿2-1,http://www.ioi-jp.org/camp/2014/2014-sp-tasks/2014-sp-day2-pr.pdf,グラフ・クエリ処理
,10,Collecting Stamps,14合宿2-3,http://www.ioi-jp.org/camp/2014/2014-sp-tasks/2014-sp-day2-pr.pdf,DP
,11,Starry Sky,09合宿4-3,http://www.ioi-jp.org/camp/2009/2009-sp-tasks/2009-sp_tr-day4_23.pdf,線対称
,11,ダンジョン,10本選5,http://judge.u-aizu.ac.jp/onlinejudge/description.jsp?id=0553,木・最長増加部分列・データ構造
,11,Shiritori,11合宿2-3,http://www.ioi-jp.org/camp/2011/2011-sp-tasks/2011-sp-day2.pdf,幾何
,11,Apples,11合宿4-1,http://www.ioi-jp.org/camp/2011/2011-sp-tasks/2011-sp-day4.pdf,データ構造・実装
,11,Kangaroo,12合宿3-2,http://www.ioi-jp.org/camp/2012/2012-sp-tasks/2012-sp-day3.pdf,グリッド・グラフ
,11,Invitation,12合宿4-3,http://www.ioi-jp.org/camp/2012/2012-sp-tasks/2012-sp-day4.pdf,データ構造・文字列
,11,バブルソート,13本選5,http://joi2013ho.contest.atcoder.jp/tasks/joi2013ho5,ad-hoc
,11,Communication Jamming,13合宿1-3,http://www.ioi-jp.org/camp/2013/2013-sp-tasks/2013-sp-day1.pdf,データ構造・グラフ
,11,Koala,13合宿3-2,http://www.ioi-jp.org/camp/2013/2013-sp-tasks/2013-sp-day3.pdf,DP・セグ木
,11,Scarecrows,14合宿3-2,http://www.ioi-jp.org/camp/2014/2014-sp-tasks/2014-sp-day3-pr.pdf,
,11,Voltage,14合宿3-3,http://www.ioi-jp.org/camp/2014/2014-sp-tasks/2014-sp-day3-pr.pdf,
,11,Constellation 2,14合宿4-1,http://www.ioi-jp.org/camp/2014/2014-sp-tasks/2014-sp-day4-pr.pdf,
,11,Kanji Shiritori,14合宿4-2,http://www.ioi-jp.org/camp/2014/2014-sp-tasks/2014-sp-day4-pr.pdf,
,12,Logo,09合宿3-3,http://www.ioi-jp.org/camp/2009/2009-sp-tasks/2009-sp_tr-day3_22.pdf,
,12,Building 2,12合宿1-1,http://www.ioi-jp.org/camp/2012/2012-sp-tasks/2012-sp-day1.pdf,
,12,Constellation,12合宿2-2,http://www.ioi-jp.org/camp/2012/2012-sp-tasks/2012-sp-day2.pdf,
,12,Rotate,12合宿2-3,http://www.ioi-jp.org/camp/2012/2012-sp-tasks/2012-sp-day2.pdf,
,12,Sokoban,12合宿3-3,http://www.ioi-jp.org/camp/2012/2012-sp-tasks/2012-sp-day3.pdf,
,12,Copy and Paste,12合宿4-2,http://www.ioi-jp.org/camp/2012/2012-sp-tasks/2012-sp-day4.pdf,
,12,Cake,13合宿3-1,http://www.ioi-jp.org/camp/2013/2013-sp-tasks/2013-sp-day3.pdf,
,12,Spaceships,13合宿4-3,http://www.ioi-jp.org/camp/2013/2013-sp-tasks/2013-sp-day4.pdf,